nom_commune,conso_totale_mwh,conso_moy_site_mwh,conso_moy_commune_mwh,nb_logements,classe_conso
ALBIGNY-SUR-SAONE,818.4979999999999,2.9491111111111112,4.704,319,faible
ALBIGNY-SUR-SAÔNE,5611.488,2.6964264705882353,4.539970588235294,2422,faible
AMPLEPUIS,2674.603,1.8311600000000001,4.13563,1494,très faible
AMPUIS,1397.587,2.9781724137931036,6.102448275862069,445,moyenne
ANSE,10806.682999999999,2.6807100840336133,5.110584033613446,4240,faible
ARBRESLE,2971.734,3.4780392156862745,4.916,885,faible
ARNAS,4765.961,2.392609090909091,5.459199999999999,2419,faible
BEAUJEU,533.423,3.571307692307692,4.84,146,faible
BEAUVALLON,837.221,3.4849130434782607,7.2206086956521744,250,très élevée
BELLEVILLE,3408.553,2.9057215189873418,4.182,1211,très faible
BELLEVILLE-EN-BEAUJOLAIS,29093.472999999998,2.8252910714285715,4.480221428571428,10116,faible
BELMONT-D'AZERGUES,228.139,3.6304000000000003,7.1930000000000005,62,très élevée
BESSENAY,93.137,1.1995,6.111666666666667,76,moyenne
BLACE,28.054,2.004,7.293,14,très élevée
BLACÉ,323.674,1.7393999999999998,7.1318,189,très élevée
BRIGNAIS,34917.807,2.399079064587973,4.678834075723831,15100,faible
BRINDAS,15443.232,5.0223378378378385,7.205103603603604,3218,très élevée
BRON,197559.917,2.338587477909619,2.8725296642262057,87398,très faible
BRUSSIEU,1137.7939999999999,4.724318181818182,6.627409090909091,238,élevée
BULLY,849.982,4.685866666666667,7.108333333333333,185,élevée
CAILLOUX-SUR-FONTAINES,7180.169,6.359904109589041,7.491068493150684,1207,très élevée
CALUIRE-ET-CUIRE,276572.585,2.6767497733454215,3.3001523118766998,104532,très faible
CERCIÉ,85.554,3.291,7.162,26,très élevée
CHABANIERE,82.888,3.044,6.746,28,élevée
CHABANIÈRE,1337.6299999999999,2.459827586206896,6.1737586206896555,586,moyenne
CHAMPAGNE-AU-MONT-D'OR,28975.503,2.931497907949791,4.109899581589958,10749,très faible
CHAPONNAY,3515.835,3.2435662650602413,7.728987951807229,1082,très élevée
CHAPONOST,14587.033,2.8601148036253776,6.005114803625378,5552,moyenne
CHARBONNIERES-LES-BAINS,2823.823,3.8529999999999998,7.02,807,élevée
CHARBONNIÈRES-LES-BAINS,19014.712,3.7604787644787643,6.564783783783784,5826,moyenne
CHARENTAY,39.407,3.284,6.758,12,élevée
CHARLY,6293.933,4.170944444444444,7.445388888888889,1548,très élevée
CHASSELAY,1519.377,1.821808510638298,6.397659574468085,842,moyenne
CHASSIEU,25133.693,3.468940594059406,5.9906509900990095,8527,moyenne
CHATILLON,19.386,1.939,6.904,10,élevée
CHAZAY-D'AZERGUES,3919.323,3.6831184210526313,6.865328947368421,1162,élevée
CHERES,343.74300000000005,4.924250000000001,7.216,70,très élevée
CHESSY,510.015,5.604285714285715,6.194857142857143,91,moyenne
CHEVINAY,166.02100000000002,2.3715714285714284,6.941,70,élevée
CHÂTILLON,88.621,1.477,6.859999999999999,60,élevée
CIVRIEUX-D'AZERGUES,1028.3609999999999,5.475090909090909,6.970363636363637,165,élevée
COGNY,117.924,5.896000000000001,6.622999999999999,20,élevée
COLLONGES-AU-MONT-D'OR,16986.522,4.998477272727272,6.904268181818182,4115,élevée
COLOMBIER-SAUGNIEU,368.248,2.3977500000000003,6.72675,159,élevée
COMMUNAY,3486.368,2.632837837837838,5.837891891891892,1389,faible
CONDRIEU,7453.85,2.4824375,4.8546971153846155,2885,faible
CORBAS,20372.064,2.133369337979094,4.4580191637630655,9383,très faible
COURS,605.494,1.536,3.9185769230769227,397,très faible
COURZIEU,742.54,6.7925,6.5553333333333335,109,moyenne
COUZON-AU-MONT-D'OR,3830.002,3.175049382716049,5.338,1364,faible
CRAPONNE,44297.122,3.1246232294617564,4.796570821529745,15416,faible
CREPIEUX-LA-PAPE,16042.023,2.082671568627451,3.2260000000000004,7913,très faible
CURIS-AU-MONT-D'OR,1104.493,3.7114074074074073,6.390925925925926,291,moyenne
DARDILLY,11740.618,3.248814479638009,7.509542986425339,3831,très élevée
DECINES-CHARPIEU,18220.751,2.5072512953367876,3.7269999999999994,7583,très faible
DENICÉ,176.169,5.872,7.300333333333334,30,très élevée
DOMMARTIN,3903.355,4.2861515151515155,8.368575757575758,882,très élevée
DÉCINES-CHARPIEU,104439.224,2.340216910137229,3.509568835768039,46842,très faible
ECHALAS,312.33500000000004,6.733,7.256,42,très élevée
ECULLY,11523.35,2.866475308641975,4.185,4573,très faible
FEYZIN,27032.229,2.4840311203319505,4.237775933609958,11334,très faible
FLEURIEU-SUR-SAONE,198.804,3.6945,6.161,54,moyenne
FLEURIEU-SUR-SAÔNE,1466.74,3.2575405405405404,5.992162162162162,455,moyenne
FLEURIEUX-SUR-L'ARBRESLE,1964.835,3.3356666666666666,7.186,628,très élevée
FONTAINES-SAINT-MARTIN,4630.319,3.6445890410958905,6.289575342465754,1575,moyenne
FONTAINES-SUR-SAONE,5467.889,2.465636363636364,3.254,2333,très faible
FONTAINES-SUR-SAÔNE,32206.473,2.501396468699839,3.1203804173354737,13716,très faible
FRANCHEVILLE,59388.312,3.004761336515513,4.574738663484487,20980,faible
FRONTENAS,49.702,4.97,7.48,10,très élevée
GENAS,16396.683,2.7650790190735695,6.300133514986376,5910,moyenne
GENAY,13754.444,3.0512125603864733,5.1805942028985505,4948,faible
GIVORS,57511.204,2.090658380681818,3.451582386363636,27387,très faible
GLEIZE,2877.361,2.8589508196721307,4.72,996,faible
GLEIZÉ,17680.091,2.58844696969697,4.392441919191919,6845,très faible
GREZIEU-LA-VARENNE,2423.785,3.5704375,6.224,685,moyenne
GRIGNY,27606.655,2.7166617021276593,4.102897872340426,10582,très faible
GRÉZIEU-LA-VARENNE,15002.282,3.410629268292683,6.004975609756097,4353,moyenne
IRIGNY,30241.314,3.3215192697768763,4.981651115618662,8806,faible
JONAGE,3644.766,3.3040000000000003,6.601416666666667,1289,élevée
L'ARBRESLE,19037.208,3.135552486187845,4.60617955801105,6353,faible
LA MULATIÈRE,36867.056,2.6879224924012157,2.889817629179331,14758,très faible
LA TOUR-DE-SALVAGNY,5459.158,2.806256,6.808536,2110,élevée
LACENAS,179.934,1.11875,6.9695,158,élevée
LACHASSAGNE,422.34000000000003,4.351111111111111,7.898111111111111,98,très élevée
LANCIE,57.776,4.815,6.935,12,élevée
LANCIÉ,312.819,4.344666666666666,6.881166666666666,72,élevée
LANTIGNIÉ,41.966,1.399,6.413666666666667,30,moyenne
LARAJASSE,101.408,10.141,6.107,10,moyenne
LE PERRÉON,171.368,1.479,6.895166666666667,116,élevée
LENTILLY,10273.535,3.387361290322581,7.000206451612903,4298,élevée
LES CHÈRES,2297.554,4.35815625,6.64884375,600,élevée
LIMAS,8465.64,2.562512096774194,5.035983870967742,3438,faible
LIMONEST,6591.646,2.6878474576271185,7.269042372881357,2681,très élevée
LISSIEU,3372.144,2.989492307692308,6.400338461538461,1158,moyenne
LOIRE-SUR-RHONE,200.512,2.763,6.198,63,moyenne
LOIRE-SUR-RHÔNE,1302.335,3.1054583333333334,5.962,398,moyenne
LOZANNE,6203.349,2.489368,4.9958800000000005,2856,faible
LUCENAY,2160.682,4.993666666666667,6.765466666666667,464,élevée
LYON,4625179.762,2.8974035181034155,2.8978071628484225,1669231,très faible
LÉGNY,115.737,10.522,8.003,11,très élevée
LÉTRA,143.59,3.779,5.8145,38,faible
MARCILLY-D'AZERGUES,177.968,1.5890000000000002,7.316857142857144,112,très élevée
MARCY,277.227,7.901666666666666,7.914999999999999,35,très élevée
MARCY-L'ETOILE,811.234,1.9644615384615385,5.209,390,faible
MARCY-L'ÉTOILE,5671.6720000000005,2.0148522727272726,5.095056818181818,2597,faible
MARENNES,2961.367,7.282260869565217,7.259260869565217,364,très élevée
MESSIMY,6753.037,4.321148648648649,6.226243243243243,1276,moyenne
MEYZIEU,104068.399,2.805480631276901,4.571944524151124,40062,faible
MILLERY,9873.977,3.9385797101449276,6.765666666666667,2497,élevée
MIONS,21231.367,2.8783666666666665,5.26506875,8078,faible
MONTAGNY,1026.782,2.0384857142857142,7.234085714285714,546,très élevée
MONTANAY,2294.097,3.1531999999999996,6.838000000000001,819,élevée
MORANCE,241.16,5.05025,7.44,47,très élevée
MORANCÉ,1561.885,4.1174193548387095,6.792903225806452,372,élevée
MORNANT,11663.301,2.8870198412698413,5.121674603174603,3888,faible
MULATIERE,6866.525,2.7433174603174604,2.945,2674,très faible
NEUVILLE-SUR-SAONE,3427.494,2.6127333333333334,3.455,1340,très faible
NEUVILLE-SUR-SAÔNE,23126.746,2.3051338912133894,3.251041841004184,10209,très faible
ODENAS,1050.829,6.694500000000001,7.617416666666666,161,très élevée
ORLIENAS,747.664,6.471125,7.45,117,très élevée
ORLIÉNAS,2514.473,3.8817826086956524,7.0533913043478265,662,élevée
OULLINS,115611.973,2.527888934594817,2.9532435211846977,47414,très faible
OULLINS-PIERRE-BÉNITE,19883.365,2.316362255965293,2.735,8891,très faible
PERREON,31.116,1.556,7.175,20,très élevée
POLEYMIEUX-AU-MONT-D'OR,156.988,2.4514,9.484,64,très élevée
POLLIONNAY,6633.424,4.700284210526315,6.696221052631579,1610,élevée
POMMIERS,2819.2219999999998,8.059291666666667,7.863333333333333,352,très élevée
PONTCHARRA-SUR-TURDINE,441.589,3.1805,5.413999999999999,122,faible
PORTE DES PIERRES DOREES,118.529,3.1765,7.163,46,très élevée
PORTE DES PIERRES DORÉES,931.464,2.7,6.804043478260869,402,élevée
PUSIGNAN,2415.777,4.587428571428571,6.679595238095239,527,élevée
QUINCIEUX,3454.636,4.02918,6.41164,972,moyenne
RILLIEUX-LA-PAPE,94365.933,1.966906200317965,3.102742448330684,48852,très faible
ROCHETAILLEE-SUR-SAONE,242.861,3.4397999999999995,6.175,79,moyenne
ROCHETAILLÉE-SUR-SAÔNE,1892.312,3.2948285714285714,6.022257142857143,675,moyenne
RONTALON,212.19299999999998,1.8611666666666666,6.1125,114,moyenne
SAIN-BEL,3496.837,3.8728219178082193,5.5879589041095885,948,faible
SAINT-BONNET-DE-MURE,8934.859,4.981444444444445,6.65768253968254,1811,élevée
SAINT-CYR-AU-MONT-D'OR,18010.826,5.552728888888889,8.001151111111112,4323,très élevée
SAINT-DIDIER-AU-MONT-D'OR,35771.346,6.4344866666666665,8.90447,5399,très élevée
SAINT-ETIENNE-DES-OULLIERES,162.792,5.426,7.424,30,très élevée
SAINT-FONS,74698.893,2.4431974306964164,2.832313049357674,31568,très faible
SAINT-FORGEUX,366.212,4.069,5.995777777777778,90,moyenne
SAINT-GENIS-LAVAL,96852.044,3.919738336713996,4.885384381338743,29387,faible
SAINT-GENIS-LES-OLLIERES,994.141,5.543692307692307,7.717,180,très élevée
SAINT-GENIS-LES-OLLIÈRES,6411.847,4.9098444444444445,7.2067,1431,très élevée
SAINT-GEORGES-DE-RENEINS,7195.745,3.8661386138613865,6.072257425742574,1760,moyenne
SAINT-GERMAIN-AU-MONT-D'OR,6466.669,3.36081746031746,4.842650793650794,2255,faible
SAINT-GERMAIN-NUELLES,747.361,8.897285714285713,7.937571428571429,84,très élevée
SAINT-JEAN-DES-VIGNES,909.838,5.610142857142857,7.730571428571428,173,très élevée
SAINT-JEAN-LA-BUSSIERE,129.03699999999998,4.352,5.672,29,faible
SAINT-JEAN-LA-BUSSIÈRE,754.681,4.408083333333333,5.515333333333333,165,faible
SAINT-LAURENT-D'AGNY,2141.343,5.365741935483871,7.550612903225806,393,très élevée
SAINT-LAURENT-DE-CHAMOUSSET,522.054,2.1103157894736846,4.871052631578948,252,faible
SAINT-LAURENT-DE-MURE,8183.068,2.800174825174825,6.4717692307692305,2818,moyenne
SAINT-MARTIN-EN-HAUT,3049.696,2.522135135135135,5.364621621621621,1281,faible
SAINT-PIERRE-DE-CHANDIEU,3012.199,3.206088888888889,6.601088888888889,892,moyenne
SAINT-PIERRE-LA-PALUD,1375.131,1.8847555555555553,6.504444444444444,715,moyenne
SAINT-PRIEST,204831.236,2.296511616161616,3.1991068181818183,92321,très faible
SAINT-ROMAIN-AU-MONT-D'OR,641.0699999999999,2.1624285714285714,6.9595714285714285,301,élevée
SAINT-ROMAIN-EN-GAL,2979.852,2.9085769230769234,4.861730769230769,1134,faible
SAINT-SYMPHORIEN-D'OZON,8867.182999999999,3.5810158730158728,5.620198412698413,3181,faible
SAINT-SYMPHORIEN-SUR-COISE,5149.576,3.2953725490196075,4.801245098039216,1626,faible
SAINT-ÉTIENNE-DES-OULLIÈRES,1038.301,5.538,7.157299999999999,190,très élevée
SAINTE-COLOMBE,8240.103,2.459305084745763,3.484344632768362,3668,très faible
SAINTE-CONSORCE,2394.039,3.3622340425531916,6.886212765957446,849,élevée
SAINTE-FOY-L'ARGENTIERE,426.20899999999995,3.797333333333333,4.493,104,faible
SAINTE-FOY-L'ARGENTIÈRE,3062.83,3.380727272727273,4.364181818181819,850,très faible
SAINTE-FOY-LES-LYON,16325.446,2.512043103448276,3.843,6740,très faible
SAINTE-FOY-LÈS-LYON,90445.318,2.469647894736842,3.694153684210526,37814,très faible
SALLES-ARBUISSONNAS-EN-BEAUJOLAI,141.409,4.713666666666667,7.397333333333333,30,très élevée
SALLES-ARBUISSONNAS-EN-BEAUJOLAIS,78.958,3.9480000000000004,6.9559999999999995,20,élevée
SATHONAY-CAMP,34227.711,2.257668647845468,2.8912704309063892,15677,très faible
SATHONAY-VILLAGE,2718.889,6.594033333333333,7.547233333333334,400,très élevée
SAVIGNY,561.652,4.975142857142857,6.322571428571428,113,moyenne
SEREZIN-DU-RHONE,944.988,3.549375,5.482,272,faible
SIMANDRES,3259.136,4.2930925925925925,6.701092592592592,1101,élevée
SOLAIZE,6294.115,5.969969230769231,6.7974461538461535,1038,élevée
SOUCIEU-EN-JARREST,2799.738,3.720962962962963,6.250796296296296,778,moyenne
SOURCIEUX-LES-MINES,46.027,4.603,6.981,10,élevée
SOUZY,146.671,2.0387142857142857,5.695857142857143,72,faible
SÉRÉZIN-DU-RHÔNE,6634.843,3.1798448275862072,4.999543103448276,2287,faible
TALUYERS,2875.911,4.6626666666666665,6.702527777777778,721,élevée
TARARE,17248.449,2.538664351851852,3.5952546296296295,6521,très faible
TASSIN-LA-DEMI-LUNE,151712.586,2.9467137005006827,3.8441401911697772,52901,très faible
TERNAND,27.017000000000003,0.61,6.2555,44,moyenne
TERNAY,5977.544,2.89428,6.128826666666666,1644,moyenne
THIZY-LES-BOURGS,2087.022,2.482732142857143,4.226535714285714,890,très faible
THURINS,2205.437,2.8448461538461536,6.156134615384616,904,moyenne
TOUR-DE-SALVAGNY,889.14,3.1853157894736843,7.19,307,très élevée
TOUSSIEU,3261.001,4.852826923076924,6.931038461538462,673,élevée
VAL D'OINGT,799.527,3.59405,6.324949999999999,243,moyenne
VALSONNE,58.234,1.1648,5.6975999999999996,50,faible
VAUGNERAY,8926.74,3.6969683544303797,5.888075949367089,2446,moyenne
VAULX-EN-VELIN,211908.265,2.443260856269113,2.963016513761468,91687,très faible
VENISSIEUX,47005.392,2.2662274975272005,2.646,21221,très faible
VERNAISON,14335.679,3.2807073170731704,5.69469756097561,4688,faible
VILLEFRANCHE-SUR-SAONE,28908.812,2.5843200636942676,3.131,11030,très faible
VILLEFRANCHE-SUR-SAÔNE,170513.503,2.4823534505379166,2.990150879034374,68968,très faible
VILLEURBANNE,1181140.634,2.5640433598870627,2.6629810930725015,477262,très faible
VILLIE-MORGON,42.828,2.039,6.959,21,élevée
VILLIÉ-MORGON,750.9390000000001,4.785666666666667,6.9031666666666665,193,élevée
VINDRY-SUR-TURDINE,3119.8340000000003,3.053195652173913,6.030282608695653,881,moyenne
VOURLES,4530.303,3.0146829268292685,6.65529268292683,1600,élevée
VÉNISSIEUX,263648.934,2.208714543486106,2.5852461205341033,122851,très faible
YZERON,254.123,2.8232857142857144,5.987285714285714,90,moyenne
ÉCHALAS,1347.433,5.070666666666667,7.115166666666667,239,élevée
ÉCULLY,78177.984,2.601906331309627,3.9715706851691235,33236,très faible
ÉMERINGES,48.656,3.743,6.048,13,moyenne
