Nom_commune;Code_postal
AFFOUX;69170
AIGUEPERSE;69790
ALBIGNY SUR SAONE;69250
ALIX;69380
AMBERIEUX;69480
AMPLEPUIS;69550
AMPUIS;69420
ANCY;69490
ANSE;69480
ARNAS;69400
AVEIZE;69610
AZOLETTE;69790
BAGNOLS;69620
BEAUJEU;69430
BEAUVALLON;69700
BELLEVILLE EN BEAUJOLAIS;69220
BELMONT D AZERGUES;69380
BESSENAY;69690
BIBOST;69690
BLACE;69460
BRIGNAIS;69530
BRINDAS;69126
BRON;69500
BRULLIOLES;69690
BRUSSIEU;69690
BULLY;69210
CAILLOUX SUR FONTAINES;69270
CALUIRE ET CUIRE;69300
CENVES;69840
CERCIE;69220
CHABANIERE;69440
CHAMBOST ALLIERES;69870
CHAMBOST LONGESSAIGNE;69770
CHAMELET;69620
CHAMPAGNE AU MONT D OR;69410
CHAPONNAY;69970
CHAPONOST;69630
CHARBONNIERES LES BAINS;69260
CHARENTAY;69220
CHARLY;69390
CHARNAY;69380
CHASSELAY;69380
CHASSIEU;69680
CHATILLON;69380
CHAUSSAN;69440
CHAZAY D AZERGUES;69380
CHENAS;69840
CHENELETTE;69430
CHESSY;69380
CHEVINAY;69210
CHIROUBLES;69115
CIVRIEUX D AZERGUES;69380
CLAVEISOLLES;69870
COGNY;69640
COISE;69590
COLLONGES AU MONT D OR;69660
COLOMBIER SAUGNIEU;69124
COLOMBIER SAUGNIEU;69125
COMMUNAY;69360
CONDRIEU;69420
CORBAS;69960
CORCELLES EN BEAUJOLAIS;69220
COURS;69470
COURZIEU;69690
COUZON AU MONT D OR;69270
CRAPONNE;69290
CUBLIZE;69550
CURIS AU MONT D OR;69250
DARDILLY;69570
DECINES CHARPIEU;69150
DENICE;69640
DEUX GROSNES;69430
DEUX GROSNES;69860
DIEME;69170
DOMMARTIN;69380
DRACE;69220
DUERNE;69850
ECHALAS;69700
ECULLY;69130
EMERINGES;69840
EVEUX;69210
FEYZIN;69320
FLEURIE;69820
FLEURIEU SUR SAONE;69250
FLEURIEUX SUR L ARBRESLE;69210
FONTAINES ST MARTIN;69270
FONTAINES SUR SAONE;69270
FRANCHEVILLE;69340
FRONTENAS;69620
GENAS;69740
GENAY;69730
GIVORS;69700
GLEIZE;69400
GRANDRIS;69870
GREZIEU LA VARENNE;69290
GREZIEU LE MARCHE;69610
GRIGNY SUR RHONE;69520
HAUTE RIVOIRE;69610
IRIGNY;69540
JONAGE;69330
JONS;69330
JOUX;69170
JULIENAS;69840
JULLIE;69840
L ARBRESLE;69210
LA CHAPELLE SUR COISE;69590
LA MULATIERE;69350
LA TOUR DE SALVAGNY;69890
LACENAS;69640
LACHASSAGNE;69480
LAMURE SUR AZERGUES;69870
LANCIE;69220
LANTIGNIE;69430
LARAJASSE;69590
LE BREUIL;69620
LE PERREON;69460
LEGNY;69620
LENTILLY;69210
LES ARDILLATS;69430
LES CHERES;69380
LES HAIES;69420
LES HALLES;69610
LES SAUVAGES;69170
LETRA;69620
LIMAS;69400
LIMONEST;69760
LISSIEU;69380
LOIRE SUR RHONE;69700
LONGES;69420
LONGESSAIGNE;69770
LOZANNE;69380
LUCENAY;69480
LYON 01;69001
LYON 02;69002
LYON 03;69003
LYON 04;69004
LYON 05;69005
LYON 06;69006
LYON 07;69007
LYON 08;69008
LYON 09;69009
MARCHAMPT;69430
MARCILLY D AZERGUES;69380
MARCY;69480
MARCY L ETOILE;69280
MARENNES;69970
MEAUX LA MONTAGNE;69550
MESSIMY;69510
MEYS;69610
MEYZIEU;69330
MILLERY;69390
MIONS;69780
MOIRE;69620
MONTAGNY;69700
MONTANAY;69250
MONTMELAS ST SORLIN;69640
MONTROMANT;69610
MONTROTTIER;69770
MORANCE;69480
MORNANT;69440
NEUVILLE SUR SAONE;69250
ODENAS;69460
ORLIENAS;69530
OULLINS PIERRE BENITE;69310
OULLINS PIERRE BENITE;69600
POLEYMIEUX AU MONT D OR;69250
POLLIONNAY;69290
POMEYS;69590
POMMIERS;69480
PORTE DES PIERRES DOREES;69400
PORTE DES PIERRES DOREES;69640
POULE LES ECHARMEAUX;69870
PROPIERES;69790
PUSIGNAN;69330
QUINCIE EN BEAUJOLAIS;69430
QUINCIEUX;69650
RANCHAL;69470
REGNIE DURETTE;69430
RILLIEUX LA PAPE;69140
RIVERIE;69440
RIVOLET;69640
ROCHETAILLEE SUR SAONE;69270
RONNO;69550
RONTALON;69510
SAIN BEL;69210
SALLES ARBUISSONNAS EN BEAUJOLAIS;69460
SARCEY;69490
SATHONAY CAMP;69580
SATHONAY VILLAGE;69580
SAVIGNY;69210
SEREZIN DU RHONE;69360
SIMANDRES;69360
SOLAIZE;69360
SOUCIEU EN JARREST;69510
SOURCIEUX LES MINES;69210
SOUZY;69610
ST ANDRE LA COTE;69440
ST APPOLINAIRE;69170
ST BONNET DE MURE;69720
ST BONNET DES BRUYERES;69790
ST BONNET LE TRONCY;69870
ST CLEMENT DE VERS;69790
ST CLEMENT LES PLACES;69930
ST CLEMENT SUR VALSONNE;69170
ST CYR AU MONT D OR;69450
ST CYR LE CHATOUX;69870
ST CYR SUR LE RHONE;69560
ST DIDIER AU MONT D OR;69370
ST DIDIER SUR BEAUJEU;69430
ST ETIENNE DES OULLIERES;69460
ST ETIENNE LA VARENNE;69460
ST FONS;69190
ST FORGEUX;69490
ST GENIS L ARGENTIERE;69610
ST GENIS LAVAL;69230
ST GENIS LES OLLIERES;69290
ST GEORGES DE RENEINS;69830
ST GERMAIN AU MONT D OR;69650
ST GERMAIN NUELLES;69210
ST IGNY DE VERS;69790
ST JEAN DES VIGNES;69380
ST JEAN LA BUSSIERE;69550
ST JULIEN;69640
ST JULIEN SUR BIBOST;69690
ST JUST D AVRAY;69870
ST LAGER;69220
ST LAURENT D AGNY;69440
ST LAURENT DE CHAMOUSSET;69930
ST LAURENT DE MURE;69720
ST MARCEL L ECLAIRE;69170
ST MARTIN EN HAUT;69850
ST NIZIER D AZERGUES;69870
ST PIERRE DE CHANDIEU;69780
ST PIERRE LA PALUD;69210
ST PRIEST;69800
ST ROMAIN AU MONT D OR;69270
ST ROMAIN DE POPEY;69490
ST ROMAIN EN GAL;69560
ST ROMAIN EN GIER;69700
ST SYMPHORIEN D OZON;69360
ST SYMPHORIEN SUR COISE;69590
ST VERAND;69620
ST VINCENT DE REINS;69240
STE CATHERINE;69440
STE COLOMBE;69560
STE CONSORCE;69280
STE FOY L ARGENTIERE;69610
STE FOY LES LYON;69110
STE PAULE;69620
TALUYERS;69440
TAPONAS;69220
TARARE;69170
TASSIN LA DEMI LUNE;69160
TERNAND;69620
TERNAY;69360
THEIZE;69620
THIZY LES BOURGS;69240
THURINS;69510
TOUSSIEU;69780
TREVES;69420
TUPIN ET SEMONS;69420
VAL D OINGT;69620
VALSONNE;69170
VAUGNERAY;69670
VAULX EN VELIN;69120
VAUX EN BEAUJOLAIS;69460
VAUXRENARD;69820
VENISSIEUX;69200
VERNAISON;69390
VERNAY;69430
VILLE SUR JARNIOUX;69640
VILLECHENEVE;69770
VILLEFRANCHE SUR SAONE;69400
VILLEURBANNE;69100
VILLIE MORGON;69910
VINDRY SUR TURDINE;69490
VOURLES;69390
YZERON;69510
